Commune;Département;Nom département;Niveau;Somme PFAS (µg/kg);PFOS;PFOA;PFNA;PFHxS;Type;Station ICI;Article
"Ambazac";"87";"Haute-Vienne";"Détecté, conforme";"0,2";"0,15";"<0,05";"<0,05";"<0,05";"producteur";"ICI Limousin";"https://www.ici.fr/nouvelle-aquitaine/haute-vienne-87/pfas-dans-les-oeufs-un-polluant-eternel-detecte-sans-depassement-des-seuils-en-haute-vienne-6738606"
"Andornay";"70";"Haute-Saône";"Norme dépassée";"1,5";"1,33";"0,051";"0,084";"<0,05";"particulier";"ICI Besançon";"https://www.ici.fr/bourgogne-franche-comte/haute-saone-70/andornay/pfas-dans-les-oeufs-trois-polluants-eternels-detectes-a-andornay-la-norme-de-commercialisation-depassee-dans-un-cas-9608790"
"Argonay";"74";"Haute-Savoie";"Détecté, conforme";"0,8";"0,5";"0,1";"<0,05";"<0,05";"particulier";"ICI Pays de Savoie";"https://www.ici.fr/auvergne-rhone-alpes/haute-savoie-74/argonay/pfas-dans-les-oeufs-deux-polluants-eternels-detectes-a-argonay-mais-dans-des-seuils-autorises-9789107"
"Arthon";"36";"Indre";"Norme dépassée";"1,6";"1,56";"<0,05";"0,056";"<0,05";"particulier";"ICI Berry";"https://www.ici.fr/centre-val-de-loire/indre-36/arthon/pfas-dans-les-oeufs-un-polluant-eternel-detecte-au-dessus-de-la-norme-de-commercialisation-a-arthon-dans-l-indre-6932440"
"Artiguelouve";"64";"Pyrénées-Atlantiques";"Norme dépassée";"1,2";"1,02";"0,051";"0,17";"<0,05";"particulier";"ICI Béarn Bigorre";"https://www.ici.fr/nouvelle-aquitaine/pyrenees-atlantiques-64/artiguelouve/pfas-dans-les-oeufs-trois-polluants-eternels-detectes-a-artiguelouve-dont-un-depasse-le-seuil-reglementaire-6505159"
"Athée";"21";"Côte-d'Or";"Norme dépassée";"1,2";"1,04";"<0,05";"0,18";"<0,05";"particulier";"ICI Bourgogne";"https://www.ici.fr/bourgogne-franche-comte/cote-d-or-21/athee/pfas-dans-les-oeufs-deux-polluants-eternels-detectes-a-athee-dont-un-depasse-la-norme-de-commercialisation-8364183"
"Availles-Limouzine";"86";"Vienne";"Non détecté";"<0,2";"<0,05";"<0,05";"<0,05";"<0,05";"producteur";"ICI Poitou";"https://www.ici.fr/nouvelle-aquitaine/vienne-86/pfas-dans-les-oeufs-pas-de-polluant-eternel-detecte-a-availles-limouzine-9638115"
"Barraute-Camu";"64";"Pyrénées-Atlantiques";"Non détecté";"<0,2";"<0,05";"<0,05";"<0,05";"<0,05";"producteur";"ICI Pays Basque";"https://www.ici.fr/nouvelle-aquitaine/pyrenees-atlantiques-64/barraute-camu/pfas-dans-les-oeufs-pas-de-polluant-eternel-detecte-a-barraute-camu-2711094"
"Beaucaire";"30";"Gard";"Non détecté";"<0,2";"<0,05";"<0,05";"<0,05";"<0,05";"producteur";"ICI Gard Lozère";"https://www.ici.fr/occitanie/gard-30/beaucaire/pfas-dans-les-oeufs-pas-de-polluants-eternels-detectes-a-beaucaire-7172063"
"Bedoin";"84";"Vaucluse";"Non détecté";"<0,2";"<0,05";"<0,05";"<0,05";"<0,05";"particulier";"ICI Vaucluse";"https://www.ici.fr/provence-alpes-cote-d-azur/vaucluse-84/bedoin/pfas-dans-les-oeufs-pas-de-polluants-eternels-detectes-a-bedoin-6092720"
"Bellevigne";"16";"Charente";"Détecté, conforme";"0,4";"0,37";"<0,05";"<0,05";"<0,05";"particulier";"ICI La Rochelle";"https://www.ici.fr/nouvelle-aquitaine/charente-16/bellevigne/pfas-dans-les-oeufs-un-polluant-eternel-detecte-a-bellevigne-sans-depasser-le-seuil-reglementaire-1939444"
"Benquet";"40";"Landes";"Détecté, conforme";"0,24";"0,24";"<0,05";"<0,05";"<0,05";"producteur";"ICI Gascogne";"https://www.ici.fr/infos/environnement/pfas-dans-les-oeufs-un-polluant-eternel-detecte-a-benquet-sans-depasser-le-seuil-reglementaire-6043719"
"Bezing";"64";"Pyrénées-Atlantiques";"Détecté, conforme";"0,2";"0,081";"<0,05";"<0,05";"<0,05";"particulier";"ICI Béarn Bigorre";"https://www.ici.fr/infos/environnement/pfas-dans-les-oeufs-un-polluant-eternel-detecte-a-bezing-sans-depasser-le-seuil-reglementaire-8346661"
"Briquemesnil-Floxicourt";"80";"Somme";"Non détecté";"<0,2";"<0,05";"<0,05";"<0,05";"<0,05";"producteur";"ICI Picardie";"https://www.ici.fr/hauts-de-france/somme-80/briquemesnil-floxicourt/pfas-dans-les-oeufs-pas-de-polluants-eternels-detectes-a-briquemesnil-floxicourt-dans-la-somme-1191370"
"Bussière-Dunoise";"23";"Creuse";"Détecté, conforme";"1";"0,79";"0,088";"0,087";"<0,05";"particulier";"ICI Creuse";"https://www.ici.fr/nouvelle-aquitaine/creuse-23/bussiere-dunoise/pfas-dans-les-oeufs-trois-polluants-eternels-detectes-sans-depassement-des-seuils-a-bussiere-dunoise-en-creuse-6615202"
"Canteleu";"76";"Seine-Maritime";"Norme dépassée";"1,6";"1,45";"<0,05";"0,13";"<0,05";"particulier";"ICI Normandie (Seine-Maritime, Eure)";"https://www.ici.fr/normandie/seine-maritime-76/canteleu/pfas-dans-les-oeufs-deux-polluants-eternels-detectes-a-canteleu-4164465"
"Cessieu";"38";"Isère";"Norme dépassée";"2,1";"1,88";"0,069";"0,14";"<0,05";"particulier";"ICI Isère";"https://www.ici.fr/auvergne-rhone-alpes/isere-38/cessieu/pfas-dans-les-oeufs-trois-polluants-eternels-detectes-a-cessieu-dont-un-au-dessus-du-seuil-autorise-8651310"
"Champey";"70";"Haute-Saône";"Non détecté";"<0,02";"<0,05";"<0,05";"<0,05";"<0,05";"producteur";"ICI Belfort-Montbéliard";"https://www.ici.fr/bourgogne-franche-comte/haute-saone-70/champey/pfas-dans-les-oeufs-pas-de-polluants-eternels-detectes-a-champey-8663458"
"Chartres de Bretagne";"35";"Ille-et-Vilaine";"Norme dépassée";"3,9";"3,2";"0,21";"0,29";"0,22";"particulier";"ICI Armorique";"https://www.ici.fr/bretagne/ille-et-vilaine-35/chartres-de-bretagne/pfas-dans-les-oeufs-quatre-polluants-eternels-detectes-a-chartres-de-bretagne-6853010"
"Chauvigny";"86";"Vienne";"Non détecté";"<0,2";"<0,05";"<0,05";"<0,05";"<0,05";"producteur";"ICI Poitou";"https://www.ici.fr/nouvelle-aquitaine/vienne-86/chauvigny/pfas-dans-les-oeufs-pas-de-polluant-eternel-detecte-a-chauvigny-8623097"
"Ciré-d'Aunis";"17";"Charente-Maritime";"Détecté, conforme";"0,162";"0,11";"<0,05";"0,052";"<0,05";"particulier";"ICI La Rochelle";"https://www.ici.fr/nouvelle-aquitaine/charente-maritime-17/cire-d-aunis/pfas-dans-les-oeufs-deux-polluants-eternels-detectes-a-cire-d-aunis-sans-depasser-le-seuil-reglementaire-2014756"
"Cléré-les-Pins";"37";"Indre-et-Loire";"Détecté, conforme";"0,4";"0,3";"<0,05";"0,052";"<0,05";"particulier";"ICI Touraine";"https://www.ici.fr/centre-val-de-loire/indre-et-loire-37/clere-les-pins/pfas-dans-les-oeufs-deux-polluants-eternels-detectes-a-clere-les-pins-2403728"
"Clermont-Ferrand";"63";"Puy-de-Dôme";"Détecté, conforme";"0,6";"0,49";"<0,05";"0,065";"<0,05";"particulier";"ICI Pays d'Auvergne";"https://www.ici.fr/auvergne-rhone-alpes/puy-de-dome-63/pfas-dans-les-oeufs-deux-polluants-eternels-detectes-sans-depassement-des-seuils-a-clermont-ferrand-4316385"
"Communay";"69";"Rhône";"Norme dépassée";"3,8";"2,19";"0,056";"1,6";"<0,05";"particulier";"ICI";"https://www.ici.fr/auvergne-rhone-alpes/rhone-69/communay/pfas-dans-les-oeufs-trois-polluants-eternels-detectes-a-communay-dans-le-rhone-2136948"
"Corcelles-les-Monts";"21";"Côte-d'Or";"Non détecté";"<0,2";"<0,05";"<0,05";"<0,05";"<0,05";"producteur";"ICI Bourgogne";"https://www.ici.fr/bourgogne-franche-comte/cote-d-or-21/corcelles-les-monts/pfas-dans-les-oeufs-pas-de-detection-de-polluants-eternels-a-corcelles-les-monts-2670743"
"Digosville";"50";"Manche";"Détecté, conforme";"0,3";"0,29";"<0,05";"<0,05";"<0,05";"particulier";"ICI Cotentin";"https://www.ici.fr/normandie/manche-50/digosville/pfas-dans-les-oeufs-un-polluant-eternel-detecte-a-digosville-1545529"
"Dollon";"72";"Sarthe";"Non détecté";"<0,2";"<0,05";"<0,05";"<0,05";"<0,05";"producteur";"ICI Maine";"https://www.ici.fr/pays-de-la-loire/sarthe-72/dollon/pfas-dans-les-oeufs-pas-de-polluants-eternels-detectes-a-dollon-2513018"
"Donnery";"45";"Loiret";"Non détecté";"<0,2";"<0,05";"<0,05";"<0,05";"<0,05";"particulier";"ICI Orléans";"https://www.ici.fr/centre-val-de-loire/loiret-45/donnery/pfas-dans-les-oeufs-pas-de-polluant-detecte-a-donnery-6937916"
"Espira-de-l'Agly";"66";"Pyrénées-Orientales";"Détecté, conforme";"0,6";"0,56";"<0,05";"<0,05";"<0,05";"producteur";"ICI Roussillon";"https://www.ici.fr/occitanie/pyrenees-orientales-66/espira-de-l-agly/pfas-dans-les-oeufs-un-polluant-eternel-detecte-a-espira-de-l-agly-2014426"
"Fos-sur-Mer";"13";"Bouches-du-Rhône";"Détecté, conforme";"1,125";"0,78";"0,13";"0,13";"0,085";"particulier";"ICI Provence";"https://www.ici.fr/provence-alpes-cote-d-azur/bouches-du-rhone-13/fos-sur-mer/pfas-dans-les-oeufs-quatre-polluants-eternels-detectes-a-fos-sur-mer-5583390"
"Guerchy";"89";"Yonne";"Non détecté";"<0,2";"<0,05";"<0,05";"<0,05";"<0,05";"producteur";"ICI Auxerre";"https://www.ici.fr/bourgogne-franche-comte/yonne-89/valravillon/pfas-dans-les-oeufs-pas-de-detection-de-polluants-eternels-a-guerchy-dans-l-yonne-3676891"
"Guéret";"23";"Creuse";"Détecté, conforme";"0,6";"0,35";"0,091";"0,17";"<0,05";"particulier";"ICI Creuse";"https://www.ici.fr/nouvelle-aquitaine/creuse-23/gueret/pfas-dans-les-oeufs-trois-polluants-eternels-detectes-sans-depassement-des-seuils-a-gueret-en-creuse-6008639"
"Haraucourt";"08";"Ardennes";"Norme dépassée";"40,1";"35,8";"2,67";"1,46";"0,2";"producteur";"ICI Champagne-Ardenne";"https://www.ici.fr/grand-est/ardennes-08/haraucourt/pfas-dans-les-oeufs-quatre-polluants-eternels-detectes-a-haraucourt-dans-les-ardennes-7339797"
"Hochfelden";"67";"Bas-Rhin";"Norme dépassée";"2,6";"2,26";"0,056";"0,12";"0,17";"particulier";"ICI Alsace";"https://www.ici.fr/grand-est/alsace-cea/hochfelden/pfas-dans-les-oeufs-des-polluants-eternels-detectes-a-hochfelden-dont-un-depasse-la-norme-de-commercialisation-6483910"
"Illange";"57";"Moselle";"Non détecté";"<0,2";"<0,05";"<0,05";"<0,05";"<0,05";"producteur";"ICI Lorraine (Moselle et Pays Haut)";"https://www.ici.fr/grand-est/moselle-57/illange/pfas-dans-les-oeufs-pas-de-polluants-eternels-detectes-a-illange-2991256"
"Issy-les-Moulineaux";"92";"Hauts-de-Seine";"Norme dépassée";"3,4";"2,73";"0,18";"0,36";"0,098";"particulier";"ICI Paris Ile-de-France";"https://www.ici.fr/ile-de-france/hauts-de-seine-92/issy-les-moulineaux/pfas-dans-les-oeufs-quatre-polluants-eternels-detectes-a-issy-les-moulineaux-dont-un-depasse-le-seuil-reglementaire-2911983"
"Jacob-Bellecombette";"73";"Savoie";"Non détecté";"<0,2";"<0,05";"<0,05";"<0,05";"<0,05";"particulier";"ICI Pays de Savoie";"https://www.ici.fr/auvergne-rhone-alpes/savoie-73/jacob-bellecombette/pfas-dans-les-oeufs-pas-de-polluants-eternels-detectes-a-jacob-bellecombette-9647036"
"La Réole";"33";"Gironde";"Non détecté";"<0,2";"<0,05";"<0,05";"<0,05";"<0,05";"producteur";"ICI GIronde";"https://www.ici.fr/nouvelle-aquitaine/gironde-33/la-reole/pfas-dans-les-oeufs-pas-de-polluant-eternel-detecte-a-la-reole-7259916"
"La Roche-Neuville";"53";"Mayenne";"Norme dépassée";"2,74";"2,74";"<0,05";"<0,05";"<0,05";"particulier";"ICI Mayenne";"https://www.ici.fr/pays-de-la-loire/mayenne-53/la-roche-neuville/pfas-dans-les-oeufs-un-polluant-eternel-detecte-a-la-roche-neuville-2577993"
"Laguenne-sur-Avalouze";"19";"Corrèze";"Détecté, conforme";"0,84";"0,43";"0,17";"0,24";"<0,05";"particulier";"ICI Limousin";"https://www.ici.fr/nouvelle-aquitaine/correze-19/pfas-dans-les-oeufs-trois-polluants-eternels-detectes-sans-depassement-des-seuils-a-laguenne-sur-avalouze-en-correze-8204415"
"Lapouyade";"33";"Gironde";"Non détecté";"<0,2";"<0,05";"<0,05";"<0,05";"<0,05";"producteur";"ICI GIronde";"https://www.ici.fr/nouvelle-aquitaine/gironde-33/pfas-dans-les-oeufs-pas-de-polluant-eternel-detecte-a-lapouyade-4335019"
"Le Bignon";"44";"Loire-Atlantique";"Non détecté";"<0,2";"<0,05";"<0,05";"<0,05";"<0,05";"producteur";"ICI Loire Océan";"https://www.ici.fr/pays-de-la-loire/loire-atlantique-44/le-bignon/pfas-dans-les-oeufs-pas-de-polluants-eternels-detectes-au-bignon-5280405"
"Le Boulou";"66";"Pyrénées-Orientales";"Norme dépassée";"4,5";"4,39";"<0,05";"0,077";"<0,05";"particulier";"ICI Roussillon";"https://www.ici.fr/occitanie/pyrenees-orientales-66/le-boulou/pfas-dans-les-oeufs-deux-polluants-eternels-detectes-au-boulou-dont-un-depasse-la-norme-de-commercialisation-6862076"
"Le Leuy";"40";"Landes";"Non détecté";"<0,02";"<0,05";"<0,05";"<0,05";"<0,05";"producteur";"ICI Gascogne";"https://www.ici.fr/nouvelle-aquitaine/landes-40/le-leuy/pfas-dans-les-oeufs-pas-de-polluant-eternel-detecte-a-le-leuy-8002089"
"Le Tholy";"88";"Vosges";"Norme dépassée";"5,7";"3,71";"0,83";"0,68";"0,46";"particulier";"ICI Lorraine (Meurthe-et-Moselle et Vosges)";"https://www.ici.fr/grand-est/vosges-88/le-tholy/pfas-dans-les-oeufs-des-polluants-eternels-detectes-au-tholy-dont-trois-depassent-la-norme-de-commercialisation-4801390"
"Lecci";"2A";"Corse-du-Sud";"Non détecté";"<0,2";"<0,05";"<0,05";"<0,05";"<0,05";"producteur";"ICI RCFM";"https://www.ici.fr/corse/corse-du-sud-2a/lecci/pfas-dans-les-oeufs-pas-de-polluants-eternels-detectes-a-lecci-7095505"
"Les Ormes";"89";"Yonne";"Non détecté";"<0,2";"<0,05";"<0,05";"<0,05";"<0,05";"producteur";"ICI Auxerre";"https://www.ici.fr/bourgogne-franche-comte/yonne-89/les-ormes/pfas-dans-les-oeufs-pas-de-polluant-eternel-detecte-aux-ormes-dans-l-yonne-6018590"
"Maisdon-sur-Sèvre";"44";"Loire-Atlantique";"Non détecté";"<0,2";"<0,05";"<0,05";"<0,05";"<0,05";"producteur";"ICI Loire Océan";"https://www.ici.fr/pays-de-la-loire/loire-atlantique-44/maisdon-sur-sevre/pfas-dans-les-oeufs-pas-de-polluants-eternels-detectes-a-maisdon-sur-sevre-3624068"
"Malandry";"08";"Ardennes";"Norme dépassée";"3,3";"2,81";"0,32";"0,2";"<0,05";"particulier";"ICI Champagne-Ardenne";"https://www.ici.fr/grand-est/ardennes-08/malandry/pfas-dans-les-oeufs-trois-polluants-eternels-detectes-a-malandry-dans-les-ardennes-8818763"
"Marignac-Laspeyres";"31";"Haute-Garonne";"Détecté, conforme";"0,2";"0,065";"<0,05";"<0,05";"<0,05";"particulier";"ICI Occitanie";"https://www.ici.fr/occitanie/haute-garonne-31/marignac-laspeyres/pfas-dans-les-oeufs-un-polluants-eternel-detecte-a-marignac-laspeyres-6836922"
"Martres-Tolosane";"31";"Haute-Garonne";"Norme dépassée";"1,7";"1,14";"0,088";"0,39";"0,091";"particulier";"ICI Occitanie";"https://www.ici.fr/occitanie/haute-garonne-31/martres-tolosane/pfas-dans-les-oeufs-quatre-polluants-eternels-detectes-a-martres-tolosane-l-un-depasse-la-norme-de-commercialisation-7071569"
"Mas-de-Londres";"34";"Hérault";"Non détecté";"<0,2";"<0,05";"<0,05";"<0,05";"<0,05";"producteur";"ICI Hérault";"https://www.ici.fr/occitanie/herault-34/mas-de-londres/pfas-dans-les-oeufs-pas-de-polluants-eternels-detectes-a-mas-de-londres-4475208"
"Neufchâtel-en-Bray";"76";"Seine-Maritime";"Détecté, conforme";"1";"0,9";"<0,05";"0,088";"<0,05";"particulier";"ICI Normandie (Seine-Maritime, Eure)";"https://www.ici.fr/normandie/seine-maritime-76/neufchatel-en-bray/pfas-dans-les-oeufs-deux-polluants-eternels-detectes-a-neufchatel-en-bray-6183313"
"Neufchef";"57";"Moselle";"Non détecté";"<0,2";"<0,05";"<0,05";"<0,05";"<0,05";"producteur";"ICI Lorraine (Moselle et Pays Haut)";"https://www.ici.fr/grand-est/moselle-57/neufchef/pfas-dans-les-oeufs-pas-de-polluants-eternels-detectes-a-neufchef-5003245"
"Neuvy-Pailloux";"36";"Indre";"Détecté, conforme";"0,5";"0,46";"<0,05";"<0,05";"<0,05";"particulier";"ICI Berry";"https://www.ici.fr/centre-val-de-loire/indre-36/neuvy-pailloux/pfas-dans-les-oeufs-un-polluant-eternel-detecte-sans-depassement-a-neuvy-pailloux-9122574"
"Nîmes";"30";"Gard";"Détecté, conforme";"0,3";"0,2";"<0,05";"0,081";"<0,05";"particulier";"ICI Gard Lozère";"https://www.ici.fr/occitanie/gard-30/nimes/pfas-dans-les-oeufs-deux-polluants-eternels-detectes-a-nimes-3200480"
"Orcemont";"78";"Yvelines";"Non détecté";"<0,2";"<0,05";"<0,05";"<0,05";"<0,05";"producteur";"ICI Paris Ile-de-France";"https://www.ici.fr/ile-de-france/yvelines-78/orcemont/pfas-dans-les-oeufs-pas-de-polluant-eternel-detecte-a-orcemont-8038826"
"Orgères";"35";"Ille-et-Vilaine";"Détecté, conforme";"0,9";"0,82";"<0,05";"<0,05";"<0,05";"particulier";"ICI Armorique";"https://www.ici.fr/bretagne/ille-et-vilaine-35/orgeres/pfas-dans-les-oeufs-un-polluant-eternel-detecte-a-orgeres-7009004"
"Outarville";"45";"Loiret";"Détecté, conforme";"0,2";"0,18";"<0,05";"<0,05";"<0,05";"particulier";"ICI Orléans";"https://www.ici.fr/centre-val-de-loire/loiret-45/outarville/pfas-dans-les-oeufs-un-polluant-eternel-detecte-a-outarville-dans-le-loiret-1746676"
"Peille";"06";"Alpes-Maritimes";"Non détecté";"<0,02";"<0,05";"<0,05";"<0,05";"<0,05";"producteur";"ICI Azur";"https://www.ici.fr/provence-alpes-cote-d-azur/alpes-maritimes-06/peille/pfas-dans-les-oeufs-pas-de-polluants-eternels-detectes-a-peille-7578120"
"Peyrignac";"24";"Dordogne";"Non détecté";"<0,2";"<0,05";"<0,05";"<0,05";"<0,05";"producteur";"ICI Périgord";"https://www.ici.fr/nouvelle-aquitaine/dordogne-24/pfas-dans-les-oeufs-pas-de-polluant-eternel-detecte-a-peyrignac-7978640"
"Picauville";"50";"Manche";"Détecté, conforme";"0,5";"0,5";"<0,05";"<0,05";"<0,05";"particulier";"ICI Cotentin";"https://www.ici.fr/normandie/manche-50/picauville/pfas-dans-les-oeufs-un-polluant-eternel-detecte-a-picauville-2840229"
"Pierre-Bénite";"69";"Rhône";"Norme dépassée";"16,3";"5,18";"0,29";"10,7";"0,089";"particulier";"ICI";"https://www.ici.fr/auvergne-rhone-alpes/rhone-69/oullins-pierre-benite/pfas-dans-les-oeufs-trois-polluants-eternels-detectes-a-pierre-benite-dans-la-metropole-de-lyon-5415320"
"Pont-à-Mousson";"54";"Meurthe-et-Moselle";"Détecté, conforme";"0,3";"0,21";"<0,05";"0,056";"<0,05";"particulier";"ICI Lorraine (Meurthe-et-Moselle et Vosges)";"https://www.ici.fr/grand-est/meurthe-et-moselle-54/pont-a-mousson/pfas-dans-les-oeufs-deux-polluants-eternels-detectes-a-pont-a-mousson-7595983"
"Poullan-sur-Mer";"29";"Finistère";"Norme dépassée";"2,1";"1,74";"0,057";"0,23";"0,059";"particulier";"ICI Breizh Izel";"https://www.ici.fr/bretagne/finistere-29/poullan-sur-mer/pfas-dans-les-oeufs-trois-polluants-eternels-a-poullan-sur-mer-1557579"
"Quesnoy-sur-Deûle";"59";"Nord";"Non détecté";"<0,2";"<0,05";"<0,05";"<0,05";"<0,05";"producteur";"ICI Nord";"https://www.ici.fr/hauts-de-france/nord-59/quesnoy-sur-deule/pfas-dans-les-oeufs-pas-de-polluants-eternels-detectes-a-quenoy-sur-deule-8713030"
"Renage";"38";"Isère";"Norme dépassée";"3,2";"3,16";"<0,05";"0,064";"<0,05";"particulier";"ICI Isère";"https://www.ici.fr/auvergne-rhone-alpes/isere-38/renage/pfas-dans-les-oeufs-deux-polluants-eternels-detectes-a-renage-en-isere-5045510"
"Rouvrel";"80";"Somme";"Non détecté";"<0,2";"<0,05";"<0,05";"<0,05";"<0,05";"producteur";"ICI Picardie";"https://www.ici.fr/hauts-de-france/somme-80/rouvrel/pfas-dans-les-oeufs-pas-de-polluants-eternels-detectes-a-rouvrel-dans-la-somme-5557907"
"Saint-Chamas";"13";"Bouches-du-Rhône";"Détecté, conforme";"0,7";"0,54";"0,059";"0,07";"<0,05";"particulier";"ICI Provence";"https://www.ici.fr/provence-alpes-cote-d-azur/bouches-du-rhone-13/saint-chamas/pfas-dans-les-oeufs-trois-polluants-eternels-detectes-a-saint-chamas-7025575"
"Saint-Géry";"24";"Dordogne";"Non détecté";"<0,2";"<0,05";"<0,05";"<0,05";"<0,05";"producteur";"ICI Périgord";"https://www.ici.fr/nouvelle-aquitaine/dordogne-24/saint-gery/pfas-dans-les-oeufs-pas-de-polluant-eternel-detecte-a-saint-gery-3839262"
"Saint-Léonard-des-Bois";"72";"Sarthe";"Non détecté";"<0,2";"<0,05";"<0,05";"<0,05";"<0,05";"producteur";"ICI Maine";"https://www.ici.fr/pays-de-la-loire/sarthe-72/saint-leonard-des-bois/pfas-dans-les-oeufs-pas-de-polluants-eternels-detectes-a-saint-leonard-des-bois-9425198"
"Saint-Marcel-lès-Sauzet";"26";"Drôme";"Norme dépassée";"2";"1,87";"0,052";"0,096";"<0,05";"particulier";"ICI Drôme Ardèche";"https://www.ici.fr/auvergne-rhone-alpes/drome-26/saint-marcel-les-sauzet/pfas-dans-les-oeufs-trois-polluants-eternels-detectes-a-saint-marcel-les-sauzet-dont-un-au-dela-des-seuils-recommandes-1428163"
"Saint-Martin-d'Arrossa";"64";"Pyrénées-Atlantiques";"Non détecté";"<0,2";"<0,05";"<0,05";"<0,05";"<0,05";"producteur";"ICI Pays Basque";"https://www.ici.fr/nouvelle-aquitaine/pyrenees-atlantiques-64/saint-martin-d-arrossa/pfas-dans-les-oeufs-pas-de-polluant-eternel-detecte-a-saint-martin-d-arrossa-2729826"
"Saint-Nicodème";"22";"Côtes-d'Armor";"Détecté, conforme";"0,4";"0,32";"<0,05";"0,085";"<0,05";"particulier";"ICI Breizh Izel";"https://www.ici.fr/bretagne/cotes-d-armor-22/saint-nicodeme/pfas-dans-les-oeufs-deux-polluants-eternels-detectes-a-saint-nicodeme-2133245"
"Saint-Ouën-des-Toits";"53";"Mayenne";"Non détecté";"<0,2";"<0,05";"<0,05";"<0,05";"<0,05";"producteur";"ICI Mayenne";"https://www.ici.fr/pays-de-la-loire/mayenne-53/saint-ouen-des-toits/pfas-dans-les-oeufs-pas-de-polluants-eternels-detectes-a-saint-ouen-des-toits-9056327"
"Saint-Péray";"07";"Ardèche";"Norme dépassée";"4,1";"3,7";"0,13";"0,28";"<0,05";"particulier";"ICI Drôme Ardèche";"https://www.ici.fr/auvergne-rhone-alpes/ardeche-07/saint-peray/pfas-dans-les-oeufs-trois-polluants-eternels-detectes-a-saint-peray-dont-un-a-un-taux-particulierement-eleve-8476555"
"Saint-Pierre-en-Auge";"14";"Calvados";"Non détecté";"<0,2";"<0,05";"<0,05";"<0,05";"<0,05";"producteur";"ICI Normandie (Calvados, Orne)";"https://www.ici.fr/infos/normandie/calvados-14/saint-pierre-en-auge/pfas-dans-les-oeufs-pas-de-polluants-eternels-detectes-a-saint-pierre-en-auge-2043269"
"Sainte-Sigolène";"43";"Haute-Loire";"Détecté, conforme";"0,4";"0,36";"<0,05";"0,079";"<0,05";"particulier";"ICI Saint-Etienne Loire";"https://www.ici.fr/auvergne-rhone-alpes/haute-loire-43/sainte-sigolene/pfas-dans-les-oeufs-deux-polluants-eternels-detectes-a-sainte-sigolene-en-haute-loire-2454361"
"Sées";"61";"Orne";"Non détecté";"<0,2";"<0,05";"<0,05";"<0,05";"<0,05";"producteur";"ICI Normandie (Calvados, Orne)";"https://www.ici.fr/normandie/orne-61/sees/pfas-dans-les-oeufs-pas-de-polluants-eternels-detectes-a-sees-4294874"
"Sommepy-Tahure";"51";"Marne";"Non détecté";"<0,2";"<0,05";"<0,05";"<0,05";"<0,05";"producteur";"ICI Champagne-Ardenne";"https://www.ici.fr/grand-est/marne-51/sommepy-tahure/pfas-dans-les-oeufs-pas-de-detection-de-polluants-eternels-a-sommepy-tahure-dans-la-marne-7585016"
"Sorgues";"84";"Vaucluse";"Détecté, conforme";"0,4";"0,34";"<0,05";"0,071";"<0,05";"particulier";"ICI Vaucluse";"https://www.ici.fr/provence-alpes-cote-d-azur/vaucluse-84/sorgues/pfas-dans-les-oeufs-deux-polluants-eternels-detectes-a-sorgues-1462154"
"Tarascon";"13";"Bouches-du-Rhône";"Détecté, conforme";"0,9";"0,69";"<0,05";"0,19";"<0,05";"particulier";"ICI Provence";"https://www.ici.fr/provence-alpes-cote-d-azur/bouches-du-rhone-13/tarascon/pfas-dans-les-oeufs-deux-polluants-eternels-detectes-a-tarascon-6207697"
"Tarcenay";"25";"Doubs";"Détecté, conforme";"0,3";"0,27";"<0,05";"0,069";"<0,05";"particulier";"ICI Besançon";"https://www.ici.fr/infos/environnement/pfas-dans-les-oeufs-deux-polluants-detectes-a-tarcenay-dans-le-doubs-sans-depassement-des-seuils-9525564"
"Tarnos";"40";"Landes";"Non détecté";"<0,2";"<0,05";"<0,05";"<0,05";"<0,05";"producteur";"ICI Pays Basque";"https://www.ici.fr/nouvelle-aquitaine/landes-40/tarnos/pfas-dans-les-oeufs-pas-de-polluant-eternel-detecte-a-tarnos-3937458"
"Tourville-la-Rivière";"76";"Seine-Maritime";"Norme dépassée";"1,8";"1,54";"0,091";"0,13";"<0,05";"particulier";"ICI Normandie (Seine-Maritime, Eure)";"https://www.ici.fr/normandie/seine-maritime-76/tourville-la-riviere/pfas-dans-les-oeufs-trois-polluants-eternels-detectes-a-tourville-la-riviere-3000210"
"Vauthiermont";"90";"Territoire de Belfort";"Non détecté";"<0,02";"<0,05";"<0,05";"<0,05";"<0,05";"producteur";"ICI Belfort-Montbéliard";"https://www.ici.fr/bourgogne-franche-comte/territoire-de-belfort-90/vauthiermont/pfas-dans-les-oeufs-pas-de-polluants-eternels-detectes-a-vauthiermont-1553717"
"Vence";"06";"Alpes-Maritimes";"Non détecté";"<0,02";"<0,05";"<0,05";"<0,05";"<0,05";"producteur";"ICI Azur";"https://www.ici.fr/provence-alpes-cote-d-azur/alpes-maritimes-06/vence/pfas-dans-les-oeufs-pas-de-polluants-eternels-detectes-a-vence-5997666"
"Villossanges";"63";"Puy-de-Dôme";"Non détecté";"<0,2";"<0,05";"<0,05";"<0,05";"<0,05";"producteur";"ICI Pays d'Auvergne";"https://www.ici.fr/auvergne-rhone-alpes/puy-de-dome-63/villossanges/pfas-dans-les-oeufs-pas-de-polluant-detecte-a-villossanges-dans-le-puy-de-dome-4410170"
"Vindrac-Alayrac";"81";"Tarn";"Détecté, conforme";"0,5";"0,42";"<0,05";"0,058";"<0,05";"producteur";"ICI Occitanie";"https://www.ici.fr/occitanie/tarn-81/vindrac-alayrac/pfas-dans-les-oeufs-deux-polluants-eternels-detectes-a-vindrac-alayrac-dans-le-tarn-3409439"
"Zaessingue";"68";"Haut-Rhin";"Non détecté";"<0,2";"<0,05";"<0,05";"<0,05";"<0,05";"producteur";"ICI Alsace";"https://www.ici.fr/grand-est/alsace-cea/zaessingue/pfas-dans-les-oeufs-pas-de-polluants-eternels-detectes-a-zaessingue-8321668"